,cohens_kappa,weighted_f1,macro_f1,accuracy,krippendorff_alpha,roc_auc_w_mica_as_truth
0,0.84312606959498,0.929335115987893,0.9214544439894661,0.9285,0.8429481607569375,0.9328574244600265
