,cohens_kappa,weighted_f1,macro_f1,accuracy,krippendorff_alpha,roc_auc_w_mica_as_truth
0,0.8783322586871795,0.9463509535148718,0.9390318489132041,0.9473333333333334,0.8780738591849226,0.9252113471341885
