,roc-auc_cpp_researcher_1,roc-auc_cpp_researcher_2
count,100.0,100.0
mean,0.9589227608386456,0.9540525032440043
std,0.0021665621662648976,0.0019856809419879565
min,0.9535721233158764,0.9484414301248968
25%,0.9575782724358246,0.9530484771818228
50%,0.9588921289243587,0.9539843281268374
75%,0.9600022989725361,0.9551024787052662
max,0.9639159207637642,0.9586697551238164
