,roc-auc_java_researcher_1,roc-auc_java_researcher_2
count,100.0,100.0
mean,0.9555245897247383,0.9551261551032069
std,0.002229138731782195,0.002108075306570914
min,0.9489604980909438,0.9491888224280932
25%,0.9541853497117876,0.9539000005839524
50%,0.955976404029004,0.9552870284357976
75%,0.9568121530735716,0.9566815522179419
max,0.9615741393873296,0.9605773584498842
