,roc-auc_javascript_researcher_1,roc-auc_javascript_researcher_2
count,100.0,100.0
mean,0.9532365428900402,0.9551552104040433
std,0.002268817427899819,0.0023427149340081335
min,0.9475892343120322,0.9492725472820316
25%,0.9519144198170536,0.953821980855667
50%,0.9533734727819355,0.9554962118490488
75%,0.9549678564574937,0.9567656216319785
max,0.9578351883835476,0.959961839069448
