,roc-auc_php_researcher_1,roc-auc_php_researcher_2
count,100.0,100.0
mean,0.9330594549501054,0.9103652889886333
std,0.0029143628611269933,0.002981680379505824
min,0.9241868300492636,0.9011153454001798
25%,0.9317012905271701,0.9082878671027723
50%,0.9332171587389866,0.910409132664403
75%,0.9352105648960032,0.9121504727443098
max,0.9394144289593178,0.9179966949892908
