,roc-auc_python_researcher_1,roc-auc_python_researcher_2
count,100.0,100.0
mean,0.9207790050750505,0.9144175398102787
std,0.001708158869295561,0.001740707176249026
min,0.9165987185753544,0.9102813252283768
25%,0.9196890567924249,0.913116360836591
50%,0.920755907408464,0.9144694966603545
75%,0.9219591460754204,0.9155629457294377
max,0.9256946515366108,0.91928338155192
