,alpha,lower,upper,mean
0,95.0,91.33373478132101,93.78326411360595,0.9263208953655696
