,alpha,lower,upper,mean
0,95.0,91.33193286557488,93.78201857407088,0.9263501806141085
