,roc-auc_cpp_researcher_1,roc-auc_cpp_researcher_2
count,100.0,100.0
mean,0.9458101604480718,0.9414127689429002
std,0.003061376778320078,0.0030029356692155983
min,0.938920278706209,0.9342664911631268
25%,0.9437222260117373,0.9394333158030259
50%,0.9458601441531571,0.9414481273564429
75%,0.9479986149322057,0.9427597351367341
max,0.9523885314112912,0.9487313686411554
