,roc-auc_java_researcher_1,roc-auc_java_researcher_2
count,100.0,100.0
mean,0.9525789933051907,0.9515480393116905
std,0.0022306733387474085,0.0021903872991028877
min,0.9473706729717069,0.945875115892136
25%,0.9511444304799682,0.9500019203057396
50%,0.9525867779544253,0.9516639954577469
75%,0.9541024474082596,0.9530898505440644
max,0.9585594742001587,0.9560655383504147
