,roc-auc_javascript_researcher_1,roc-auc_javascript_researcher_2
count,100.0,100.0
mean,0.9463723933346125,0.9475020884726844
std,0.0036770506992868193,0.0035244334069661066
min,0.9368915115460884,0.937697251295316
25%,0.9440302565086675,0.9452304824403835
50%,0.9470491108552421,0.9484710479885676
75%,0.9490332949529842,0.9503031119520354
max,0.9531615812703896,0.9546933154503868
