,roc-auc_php_researcher_1,roc-auc_php_researcher_2
count,100.0,100.0
mean,0.9250980895590581,0.9040090914115905
std,0.004835029566863938,0.0053248023056067005
min,0.9143919707600028,0.8935055893493087
25%,0.9221917973595711,0.9004293738210704
50%,0.9250423862366901,0.903846878604985
75%,0.9277203819243303,0.9069572156409418
max,0.9390415312829222,0.9181315323433776
