,roc-auc_python_researcher_1,roc-auc_python_researcher_2
count,100.0,100.0
mean,0.9170355627333975,0.9111909134288344
std,0.0019429383776645387,0.001885723011985726
min,0.910800340916256,0.9048755369923748
25%,0.9160052560577328,0.9102366338969701
50%,0.9171074977685575,0.9114517958986068
75%,0.9182747539276619,0.9123007919157682
max,0.9220157811959968,0.9156723498301624
