,cohens_kappa,weighted_f1,macro_f1,accuracy,krippendorff_alpha,roc_auc
0,0.963538030633101,0.9842654727240953,0.981768956728142,0.9842767295597484,0.9635412858283285,0.9810832611618798
