,Researcher 1,Researcher 2,C++,Java,JavaScript,PHP,Python
0,artifact,artifact,67.75804661487237,70.59987819732034,61.59504452187379,66.3054027822711,75.61020370710222
1,artifact,natural language,0.7029226785053644,0.7003654080389768,1.0452961672473868,1.9411193788417986,0.9175995595522114
2,natural language,artifact,0.8694043655197927,0.4110840438489647,0.832365466511808,1.5367195082497573,0.9359515507432556
3,natural language,natural language,30.66962634110248,28.288672350791717,36.527293844367016,30.216758330637333,22.536245182602315
