,cohens_kappa,weighted_f1,macro_f1,accuracy,krippendorff_alpha,roc_auc
0,0.972923986304099,0.9889020759583309,0.986461855156499,0.9888855054811205,0.9729257715408974,0.9879268146934761
