,cohens_kappa,weighted_f1,macro_f1,accuracy,krippendorff_alpha,roc_auc
0,0.9599289134885408,0.9812340780734835,0.9799643598130723,0.981223383662408,0.9599325979924217,0.9805164695107502
