,cohens_kappa,weighted_f1,macro_f1,accuracy,krippendorff_alpha,roc_auc
0,0.9200292126553998,0.9652799678820876,0.9600138544910805,0.9652216111290844,0.9200341771389886,0.9615809638782032
