,cohens_kappa,weighted_f1,macro_f1,accuracy,krippendorff_alpha,roc_auc
0,0.9483917291957619,0.9814619755410603,0.9741958633880061,0.9814644888970453,0.9483940945624512,0.9740673450293712
