,cohens_kappa,weighted_f1,macro_f1,accuracy,krippendorff_alpha,roc_auc
0,0.9631242362042167,0.986859518945829,0.9815595863705713,0.9867622724765582,0.9631293439566028,0.988878124827928
