,cohens_kappa,weighted_f1,macro_f1,accuracy,krippendorff_alpha,roc_auc_w_mica_as_truth
0,0.8000666863789925,0.9249209397321984,0.899805790960452,0.9229074889867841,0.7996667549435028,0.9240598344748477
