,cohens_kappa,weighted_f1,macro_f1,accuracy,krippendorff_alpha,roc_auc_w_mica_as_truth
0,0.6287938698153854,0.8550976841742758,0.8138995980641457,0.8512396694214877,0.6279017307850053,0.8334273237318527
