,cohens_kappa,weighted_f1,macro_f1,accuracy,krippendorff_alpha,roc_auc_w_mica_as_truth
0,0.8550300710770913,0.9274643985895227,0.9274643985895227,0.9275150355385456,0.8549297886443461,0.9275150355385458
