Language,ROC-AUC Reseacher 1,ROC-AUC Reseacher 2,Artifact recall Researcher 1,Artifact recall Researcher 2,Artifact precision Researcher 1,Artifact precision Researcher 2,Model size (MiB),Training time,Prediction time per 5000 lines (s)
C++,0.9589227608386456,0.9540525032440043,0.9554099244875949,0.9514304920677603,0.9822121992016623,0.979621572517583,35.92021916992187,110.1582224729201,0.43861396356995896
Java,0.9555245897247383,0.9551261551032069,0.9384577645051193,0.9407769691780825,0.9883810716767679,0.9869374254260905,42.923046191406236,68.56819358769987,0.3493347844045253
JavaScript,0.9532365428900402,0.9551552104040433,0.9456388888888891,0.9489767441860465,0.9759255757616045,0.9760550204144779,42.535496220703116,62.585304917790275,0.30138759464892284
PHP,0.9330594549501054,0.9103652889886333,0.8889091339327981,0.8775964745116721,0.9882274231057174,0.9701842663566448,37.12860247070312,90.31153706792072,0.30183455928281266
Python,0.9207790050750505,0.9144175398102787,0.8754423399664348,0.8733499466002133,0.9882664872547015,0.9847760138809827,34.57876619140626,85.76979708715866,0.3084063541743686
